ID, Name, Email
3619, Royal Lind, royal.lind@email.com
9679, Qiana Bradtke, qiana.bradtke@email.com
5880, Kevin Parker, kevin.parker@email.com
3927, Son Littel, son.littel@email.com
6257, Joel Ernser, joel.ernser@email.com
3565, Marie Koch, marie.koch@email.com
3515, Cleotilde Dicki, cleotilde.dicki@email.com
8467, Nelson Raynor, nelson.raynor@email.com
7850, Sima Schuster, sima.schuster@email.com
7310, Ji McClure, ji.mcclure@email.com
6807, Andree Cormier, andree.cormier@email.com
8013, Rosaria Grady, rosaria.grady@email.com
7530, Fern Herman, fern.herman@email.com
3697, Shiloh Mante, shiloh.mante@email.com
8391, Lyle Cronin, lyle.cronin@email.com
1907, Harrison Cronin, harrison.cronin@email.com
7554, Michelle Waelchi, michelle.waelchi@email.com
5642, Andreas Macejkovic, andreas.macejkovic@email.com
7449, Aileen Skiles, aileen.skiles@email.com
4099, Dion Treutel, dion.treutel@email.com
7858, Burt Powlowski, burt.powlowski@email.com
4895, Noemi Hintz, noemi.hintz@email.com
4492, Obdulia Hahn, obdulia.hahn@email.com
1113, Cherri Funk, cherri.funk@email.com
20, Carol Blick, carol.blick@email.com
807, Louie Block, louie.block@email.com
6822, Minerva Senger, minerva.senger@email.com
9699, Monte Christiansen, monte.christiansen@email.com
1232, Stanford Kohler, stanford.kohler@email.com
1790, Aleisha Towne, aleisha.towne@email.com
7141, Madie Schuppe, madie.schuppe@email.com
4718, Leonard Monahan, leonard.monahan@email.com
791, Vera Smitham, vera.smitham@email.com
8878, Treasa Von, treasa.von@email.com
3320, Santo Wilderman, santo.wilderman@email.com
3073, Cathey Krajcik, cathey.krajcik@email.com
1623, Raisa Mann, raisa.mann@email.com
8413, Mao Bartell, mao.bartell@email.com
5708, Kathryne Jacobson, kathryne.jacobson@email.com
1959, Armand Hoppe, armand.hoppe@email.com
6340, Rich Volkman, rich.volkman@email.com
3196, Faviola McClure, faviola.mcclure@email.com
3625, Howard Gutkowski, howard.gutkowski@email.com
1097, Kathy Bartell, kathy.bartell@email.com
252, Ulysses Renner, ulysses.renner@email.com
665, Wendy Cole, wendy.cole@email.com
3928, Teodoro Huel, teodoro.huel@email.com
6946, Esta Mills, esta.mills@email.com
8552, Fabian McGlynn, fabian.mcglynn@email.com
4250, Efrain Leannon, efrain.leannon@email.com
7523, Inell Donnelly, inell.donnelly@email.com
8113, Rowena Parisian, rowena.parisian@email.com
1815, Wanita Ryan, wanita.ryan@email.com
1568, Lavonne Mohr, lavonne.mohr@email.com
2464, Major Walsh, major.walsh@email.com
9983, Maryam O'Keefe, maryam.o'keefe@email.com
1279, Angelo Labadie, angelo.labadie@email.com
8961, Hung Beatty, hung.beatty@email.com
5492, Kay Kuhic, kay.kuhic@email.com
6833, Aaron White, aaron.white@email.com
6497, Danyell O'Kon, danyell.o'kon@email.com
7846, Amanda D'Amore, amanda.d'amore@email.com
946, Ezra Botsford, ezra.botsford@email.com
3991, Fausto Ankunding, fausto.ankunding@email.com
7314, Mellie Nikolaus, mellie.nikolaus@email.com
9621, Leora Kautzer, leora.kautzer@email.com
3105, Robena Walter, robena.walter@email.com
3123, Huey Harber, huey.harber@email.com
6541, Leone Leannon, leone.leannon@email.com
2628, Benito D'Amore, benito.d'amore@email.com
2386, Ashton Mills, ashton.mills@email.com
4045, Ronni Glover, ronni.glover@email.com
1739, Nannie Kihn, nannie.kihn@email.com
1139, Terrence Boyer, terrence.boyer@email.com
4632, Isaura Corkery, isaura.corkery@email.com
9280, Leonarda Satterfield, leonarda.satterfield@email.com
4587, Evan White, evan.white@email.com
3588, Paris Borer, paris.borer@email.com
956, Ling Windler, ling.windler@email.com
8716, Marlen Bode, marlen.bode@email.com
2194, Willow Swift, willow.swift@email.com
70, Kelsey Runte, kelsey.runte@email.com
1246, Stanton Brakus, stanton.brakus@email.com
8412, Micheal Rice, micheal.rice@email.com
7108, Petrina Fritsch, petrina.fritsch@email.com
5333, Alexis Hudson, alexis.hudson@email.com
8996, Bobbie Kuhn, bobbie.kuhn@email.com
5614, Salome Abshire, salome.abshire@email.com
1083, Ayana Morissette, ayana.morissette@email.com
3375, Teofila Von, teofila.von@email.com
7107, Jerrie Daniel, jerrie.daniel@email.com
3735, Cristi Walker, cristi.walker@email.com
8061, Shantay Kunde, shantay.kunde@email.com
4556, Spencer Reichert, spencer.reichert@email.com
4336, Cole O'Keefe, cole.o'keefe@email.com
5555, Lia Veum, lia.veum@email.com
6573, Felipe Walter, felipe.walter@email.com
3919, Mindi Cartwright, mindi.cartwright@email.com
5487, Armand Graham, armand.graham@email.com
751, Irving McLaughlin, irving.mclaughlin@email.com
3870, Lazaro Kulas, lazaro.kulas@email.com
2065, Sharee Sporer, sharee.sporer@email.com
8050, Bryan Moen, bryan.moen@email.com
2719, Joseph Kiehn, joseph.kiehn@email.com
6492, Franklyn Bergnaum, franklyn.bergnaum@email.com
997, Lionel West, lionel.west@email.com
3977, Leon Mitchell, leon.mitchell@email.com
8359, Quinn Frami, quinn.frami@email.com
4584, Delsie Goyette, delsie.goyette@email.com
7988, Laila Cormier, laila.cormier@email.com
3359, Fredrick Lesch, fredrick.lesch@email.com
4165, Eli O'Reilly, eli.o'reilly@email.com
9261, Travis Quitzon, travis.quitzon@email.com
1621, Maria Rutherford, maria.rutherford@email.com
6639, Donn Rodriguez, donn.rodriguez@email.com
107, Agustina Jerde, agustina.jerde@email.com
5010, Tiera Cummerata, tiera.cummerata@email.com
4022, Kendall Bartoletti, kendall.bartoletti@email.com
7538, Teresa Purdy, teresa.purdy@email.com
8209, Elmo Romaguera, elmo.romaguera@email.com
422, Alejandra Paucek, alejandra.paucek@email.com
9469, Tracy Lueilwitz, tracy.lueilwitz@email.com
5962, Trey Mayert, trey.mayert@email.com
2035, Herma Wunsch, herma.wunsch@email.com
1279, Walter Hettinger, walter.hettinger@email.com
3056, Leanne Bartoletti, leanne.bartoletti@email.com
1792, Cody Skiles, cody.skiles@email.com
6883, Cordell Bayer, cordell.bayer@email.com
7434, Alonzo Willms, alonzo.willms@email.com
7397, Jeramy Hammes, jeramy.hammes@email.com
9944, Sung Willms, sung.willms@email.com
5208, Frederick Hoeger, frederick.hoeger@email.com
6664, Ronna Gottlieb, ronna.gottlieb@email.com
5422, Clinton Conroy, clinton.conroy@email.com
3740, Gene Pollich, gene.pollich@email.com
1397, Drew Osinski, drew.osinski@email.com
7446, Lidia Dickinson, lidia.dickinson@email.com
8539, Benjamin Carroll, benjamin.carroll@email.com
1634, Tresa Stehr, tresa.stehr@email.com
4261, Eldon Goodwin, eldon.goodwin@email.com
5558, Bradly Tromp, bradly.tromp@email.com
481, Mike Gorczany, mike.gorczany@email.com
1119, Julio King, julio.king@email.com
2539, Winston Doyle, winston.doyle@email.com
8909, Ramon Kassulke, ramon.kassulke@email.com
8774, Kami Jones, kami.jones@email.com
7778, Verlie Prohaska, verlie.prohaska@email.com
9173, Brian Swift, brian.swift@email.com
541, Derick Lehner, derick.lehner@email.com
4030, Sherri Larson, sherri.larson@email.com
3299, Teresa Metz, teresa.metz@email.com
6973, Huey Goldner, huey.goldner@email.com
6243, Normand Spencer, normand.spencer@email.com
9963, Guadalupe Nienow, guadalupe.nienow@email.com
4954, Jazmine Smitham, jazmine.smitham@email.com
5028, Earline Rutherford, earline.rutherford@email.com
6619, Florencio Thiel, florencio.thiel@email.com
1973, Thad Walsh, thad.walsh@email.com
37, Martine Barrows, martine.barrows@email.com
3444, Stephan Harber, stephan.harber@email.com
2155, Rolf Mante, rolf.mante@email.com
4115, Becky Bosco, becky.bosco@email.com
4071, Frankie Zemlak, frankie.zemlak@email.com
1987, Lawrence Moen, lawrence.moen@email.com
6190, Vernice Schultz, vernice.schultz@email.com
5726, Bennie Koch, bennie.koch@email.com
5754, Yong Senger, yong.senger@email.com
6614, Brice Olson, brice.olson@email.com
4435, Nickolas Cole, nickolas.cole@email.com
3978, Karina Kilback, karina.kilback@email.com
8017, Darin Schowalter, darin.schowalter@email.com
3969, Walter Hessel, walter.hessel@email.com
7719, Noah Windler, noah.windler@email.com
8808, Megan McGlynn, megan.mcglynn@email.com
9811, Dorian Stoltenberg, dorian.stoltenberg@email.com
2370, Casey Torp, casey.torp@email.com
4917, Chauncey Moen, chauncey.moen@email.com
2959, Hector Wisoky, hector.wisoky@email.com
8615, Leslie Borer, leslie.borer@email.com
444, Tanner Robel, tanner.robel@email.com
4032, Eddie Pfeffer, eddie.pfeffer@email.com
675, Patria Hackett, patria.hackett@email.com
2004, Bari Schultz, bari.schultz@email.com
7600, Linwood Schneider, linwood.schneider@email.com
9268, Kaley Prohaska, kaley.prohaska@email.com
9434, Francesco Abernathy, francesco.abernathy@email.com
6732, Eli Funk, eli.funk@email.com
8736, Zoila Champlin, zoila.champlin@email.com
2157, Nicolas Cruickshank, nicolas.cruickshank@email.com
5294, Benito Bashirian, benito.bashirian@email.com
1085, Cesar Littel, cesar.littel@email.com
7957, Joel Breitenberg, joel.breitenberg@email.com
3870, Tuan Luettgen, tuan.luettgen@email.com
811, Felix Walker, felix.walker@email.com
5634, Kristi Pollich, kristi.pollich@email.com
2626, Wilton Botsford, wilton.botsford@email.com
8618, Chad Homenick, chad.homenick@email.com
2477, Jody Crooks, jody.crooks@email.com
7870, Donnie Bahringer, donnie.bahringer@email.com
1494, Athena Bahringer, athena.bahringer@email.com
1510, Jami Armstrong, jami.armstrong@email.com
8897, Eda Windler, eda.windler@email.com
2497, Marcelo King, marcelo.king@email.com
6860, Emerald Gorczany, emerald.gorczany@email.com
4188, Norris Morar, norris.morar@email.com
9843, Allen Batz, allen.batz@email.com
8039, Jordon Towne, jordon.towne@email.com
2038, Denae Lesch, denae.lesch@email.com
6852, Clark Kerluke, clark.kerluke@email.com
3046, Mandy Beer, mandy.beer@email.com
1370, Beula Hartmann, beula.hartmann@email.com
3487, Keiko Kohler, keiko.kohler@email.com
8385, Valeri Reinger, valeri.reinger@email.com
8006, Julian Schuppe, julian.schuppe@email.com
3976, Ismael Reichel, ismael.reichel@email.com
3502, Geraldo Cassin, geraldo.cassin@email.com
3403, Moriah Ruecker, moriah.ruecker@email.com
4175, Xenia Schmeler, xenia.schmeler@email.com
5589, Santiago Harris, santiago.harris@email.com
5379, Wiley Lebsack, wiley.lebsack@email.com
2436, Adolph Hettinger, adolph.hettinger@email.com
9910, Tracey Mayer, tracey.mayer@email.com
6195, Nia Jacobson, nia.jacobson@email.com
6023, Laurence Beier, laurence.beier@email.com
666, Charise Hudson, charise.hudson@email.com
6973, Scott Rolfson, scott.rolfson@email.com
5493, Jeanine Steuber, jeanine.steuber@email.com
1403, Nathalie Dickens, nathalie.dickens@email.com
6118, Brenda Monahan, brenda.monahan@email.com
3110, Jarrett Langworth, jarrett.langworth@email.com
9511, Gregg Hermann, gregg.hermann@email.com
9896, Carole Fay, carole.fay@email.com
2438, Layne Spinka, layne.spinka@email.com
8773, Burl Kautzer, burl.kautzer@email.com
4121, Adam Hilpert, adam.hilpert@email.com
7028, Lachelle Beatty, lachelle.beatty@email.com
7573, Dave Torp, dave.torp@email.com
7833, Mikel Stanton, mikel.stanton@email.com
9798, Shalonda Legros, shalonda.legros@email.com
6539, Giuseppe Oberbrunner, giuseppe.oberbrunner@email.com
9365, Carmelo Zieme, carmelo.zieme@email.com
4504, Audrey Huels, audrey.huels@email.com
7301, Shiela Hilpert, shiela.hilpert@email.com
9003, Hue Quigley, hue.quigley@email.com
50, Isaias Weber, isaias.weber@email.com
3361, Guadalupe Dach, guadalupe.dach@email.com
8879, Maggie Koss, maggie.koss@email.com
6637, Antione Schulist, antione.schulist@email.com
2277, Charlie Donnelly, charlie.donnelly@email.com
7383, Catheryn Kshlerin, catheryn.kshlerin@email.com
4762, Pedro Stark, pedro.stark@email.com
5887, Brooke Streich, brooke.streich@email.com
6683, Pricilla Schaden, pricilla.schaden@email.com
7421, Willa Lueilwitz, willa.lueilwitz@email.com
1310, Leo Waelchi, leo.waelchi@email.com
6524, Junior Hickle, junior.hickle@email.com
9935, Alysia Wilderman, alysia.wilderman@email.com
9708, Dennis Lynch, dennis.lynch@email.com
7951, Noel Bartoletti, noel.bartoletti@email.com
129, Olen Abbott, olen.abbott@email.com
8643, Benito Dickinson, benito.dickinson@email.com
1942, Loyce Turner, loyce.turner@email.com
1663, Chang Dach, chang.dach@email.com
8905, Latashia Schultz, latashia.schultz@email.com
8866, Madelene Thompson, madelene.thompson@email.com
658, Anneliese Cremin, anneliese.cremin@email.com
1618, Joannie Doyle, joannie.doyle@email.com
4984, Brent Robel, brent.robel@email.com
1189, Stephani Cole, stephani.cole@email.com
808, Jeanett O'Connell, jeanett.o'connell@email.com
6012, Leopoldo Ernser, leopoldo.ernser@email.com
9679, Mallory Mohr, mallory.mohr@email.com
3803, Alethia Kuhic, alethia.kuhic@email.com
3374, Gail Pagac, gail.pagac@email.com
766, Harold Williamson, harold.williamson@email.com
8758, Pam Bailey, pam.bailey@email.com
5690, Luke Zulauf, luke.zulauf@email.com
9150, Douglass Turcotte, douglass.turcotte@email.com
1855, Darren Kautzer, darren.kautzer@email.com
1669, Albert Mayert, albert.mayert@email.com
2097, Dale Erdman, dale.erdman@email.com
5002, Porsche Kozey, porsche.kozey@email.com
7700, Franklin Olson, franklin.olson@email.com
4696, Solomon Champlin, solomon.champlin@email.com
2620, Rosendo Bailey, rosendo.bailey@email.com
2678, Wayne Yost, wayne.yost@email.com
9087, Vito Murazik, vito.murazik@email.com
769, Rufus Pollich, rufus.pollich@email.com
5210, Kasha Deckow, kasha.deckow@email.com
7439, Vertie Renner, vertie.renner@email.com
393, Kasandra Gusikowski, kasandra.gusikowski@email.com
4158, Jacelyn Hilll, jacelyn.hilll@email.com
7030, Sunny Shields, sunny.shields@email.com
275, Brandon Lakin, brandon.lakin@email.com
2869, Denver Cummerata, denver.cummerata@email.com
9491, Jeffry Larkin, jeffry.larkin@email.com
5681, Nicholas Schultz, nicholas.schultz@email.com
6728, Darby Turcotte, darby.turcotte@email.com
5258, Susanna MacGyver, susanna.macgyver@email.com
7791, Virgilio Wiza, virgilio.wiza@email.com
3880, Hunter Heathcote, hunter.heathcote@email.com
5282, Ervin Cassin, ervin.cassin@email.com
983, Lena Weissnat, lena.weissnat@email.com
3235, Mose Heidenreich, mose.heidenreich@email.com
5725, Winter Marquardt, winter.marquardt@email.com
1746, Luis Lockman, luis.lockman@email.com
3593, Clement Barrows, clement.barrows@email.com
9629, Sharolyn Ernser, sharolyn.ernser@email.com
3092, Agnes Gorczany, agnes.gorczany@email.com
3989, Rosio Braun, rosio.braun@email.com
4401, Margorie Will, margorie.will@email.com
7019, Parker Rempel, parker.rempel@email.com
5183, Glenda Predovic, glenda.predovic@email.com
5610, Brad Nikolaus, brad.nikolaus@email.com
5503, Haywood Borer, haywood.borer@email.com
1588, Earnest Gutkowski, earnest.gutkowski@email.com
4756, Jan Rice, jan.rice@email.com
3016, Wesley Kirlin, wesley.kirlin@email.com
2417, Zulma Jakubowski, zulma.jakubowski@email.com
4688, Santana Gislason, santana.gislason@email.com
7345, Richie Bednar, richie.bednar@email.com
9652, Takisha Dach, takisha.dach@email.com
6118, Junior McCullough, junior.mccullough@email.com
4538, Amada Trantow, amada.trantow@email.com
7575, Sammy Labadie, sammy.labadie@email.com
818, Orval Grady, orval.grady@email.com
4915, Diann Braun, diann.braun@email.com
5867, Concetta Cummerata, concetta.cummerata@email.com
228, Derek Pfannerstill, derek.pfannerstill@email.com
3539, Sid Zulauf, sid.zulauf@email.com
3550, Heide Kerluke, heide.kerluke@email.com
5533, Archie Strosin, archie.strosin@email.com
416, Ermelinda Fisher, ermelinda.fisher@email.com
6691, Mirella Stracke, mirella.stracke@email.com
7784, Jay Huels, jay.huels@email.com
7597, Filiberto Johns, filiberto.johns@email.com
8351, Korey Cronin, korey.cronin@email.com
5067, Travis Kilback, travis.kilback@email.com
2313, Marie Veum, marie.veum@email.com
5714, Tameka Collier, tameka.collier@email.com
6937, Dorian Osinski, dorian.osinski@email.com
529, Natosha Lehner, natosha.lehner@email.com
4546, Kami Bednar, kami.bednar@email.com
7684, Tiny Senger, tiny.senger@email.com
8131, Flora Ritchie, flora.ritchie@email.com
4262, Walker Dare, walker.dare@email.com
2014, Maryam Jenkins, maryam.jenkins@email.com
7579, Oleta D'Amore, oleta.d'amore@email.com
9282, Quinn Halvorson, quinn.halvorson@email.com
116, Valentine Wisozk, valentine.wisozk@email.com
2439, Mae Feil, mae.feil@email.com
4741, Clair Bahringer, clair.bahringer@email.com
5766, Ronny Welch, ronny.welch@email.com
1447, Morgan Wisoky, morgan.wisoky@email.com
1370, Sebastian Schaden, sebastian.schaden@email.com
775, Donovan Rogahn, donovan.rogahn@email.com
6437, Elmer Osinski, elmer.osinski@email.com
4728, Beatriz Smitham, beatriz.smitham@email.com
7065, Bernardo Haag, bernardo.haag@email.com
1204, Margarett Blanda, margarett.blanda@email.com
4093, Candida Hilpert, candida.hilpert@email.com
8569, Wyatt Zulauf, wyatt.zulauf@email.com
3570, Kathlene Bayer, kathlene.bayer@email.com
6532, Leonard Schmitt, leonard.schmitt@email.com
4881, Leoma Wuckert, leoma.wuckert@email.com
5794, Velma Jacobi, velma.jacobi@email.com
2543, Richard Renner, richard.renner@email.com
4999, Catharine Rolfson, catharine.rolfson@email.com
8920, Vertie Hickle, vertie.hickle@email.com
1815, Nestor Hintz, nestor.hintz@email.com
5865, Scarlett Dickens, scarlett.dickens@email.com
7628, Melisa King, melisa.king@email.com
9753, Denae Beatty, denae.beatty@email.com
5970, Eveline Cole, eveline.cole@email.com
5231, Cortez Johnston, cortez.johnston@email.com
6951, Eliana Rath, eliana.rath@email.com
7663, Javier Runolfsson, javier.runolfsson@email.com
9401, Dave Bartell, dave.bartell@email.com
9097, Roy Brakus, roy.brakus@email.com
4775, Dominick Dietrich, dominick.dietrich@email.com
3263, Carlotta Nitzsche, carlotta.nitzsche@email.com
5200, Gregorio Crona, gregorio.crona@email.com
2778, Brent Nader, brent.nader@email.com
325, Riley Beatty, riley.beatty@email.com
5855, Shakita Price, shakita.price@email.com
3121, Emogene Bahringer, emogene.bahringer@email.com
2108, Tiara Okuneva, tiara.okuneva@email.com
4318, Joycelyn Stiedemann, joycelyn.stiedemann@email.com
8270, Judi Friesen, judi.friesen@email.com
6468, Zackary Rippin, zackary.rippin@email.com
3088, Mickie Lang, mickie.lang@email.com
5605, Anibal Kuphal, anibal.kuphal@email.com
3218, Fausto Dicki, fausto.dicki@email.com
348, Mel Hayes, mel.hayes@email.com
7011, Shanae Smitham, shanae.smitham@email.com
4727, Justin Ullrich, justin.ullrich@email.com
9352, Crystle Ledner, crystle.ledner@email.com
9679, Preston Bernhard, preston.bernhard@email.com
5164, Jaquelyn Grimes, jaquelyn.grimes@email.com
5849, Paula Feeney, paula.feeney@email.com
8145, Modesta Bosco, modesta.bosco@email.com
5028, Walton Kilback, walton.kilback@email.com
1921, Chelsea Ullrich, chelsea.ullrich@email.com
4281, Arletha Carroll, arletha.carroll@email.com
6699, Noah Blanda, noah.blanda@email.com
7950, Billy Hintz, billy.hintz@email.com
5608, Bradly Harvey, bradly.harvey@email.com
5810, Lou Marks, lou.marks@email.com
3997, Alphonse Schuppe, alphonse.schuppe@email.com
9616, Frances Langworth, frances.langworth@email.com
6334, Randolph Murazik, randolph.murazik@email.com
8251, Barrie Kunze, barrie.kunze@email.com
5178, Otha Reynolds, otha.reynolds@email.com
5618, Noel Bartell, noel.bartell@email.com
5050, Vito Kutch, vito.kutch@email.com
225, Heide Lockman, heide.lockman@email.com
254, Hattie Veum, hattie.veum@email.com
3827, Elfrieda Russel, elfrieda.russel@email.com
1372, Jamar Bogisich, jamar.bogisich@email.com
9077, Roberta Runolfsdottir, roberta.runolfsdottir@email.com
7301, Everette Nicolas, everette.nicolas@email.com
1792, China Tremblay, china.tremblay@email.com
282, Marylin Weber, marylin.weber@email.com
4288, Adaline Von, adaline.von@email.com
1077, Fabian Hills, fabian.hills@email.com
6349, Tori Sawayn, tori.sawayn@email.com
6964, Jame Zieme, jame.zieme@email.com
3670, Shirlee Franecki, shirlee.franecki@email.com
3109, Lilliana Stark, lilliana.stark@email.com
3430, Asa Homenick, asa.homenick@email.com
3160, Harry O'Hara, harry.o'hara@email.com
2398, Kareen Wintheiser, kareen.wintheiser@email.com
6869, Harmony Leuschke, harmony.leuschke@email.com
737, Augustus Bogisich, augustus.bogisich@email.com
8084, Shizue Balistreri, shizue.balistreri@email.com
5925, Josephine Stanton, josephine.stanton@email.com
9625, Stacy Becker, stacy.becker@email.com
7491, Zenobia Kautzer, zenobia.kautzer@email.com
7392, Angelic Torphy, angelic.torphy@email.com
151, Earle Auer, earle.auer@email.com
5075, Myron Ziemann, myron.ziemann@email.com
5285, Tomi Stracke, tomi.stracke@email.com
9374, Delores Bergstrom, delores.bergstrom@email.com
3989, Sheryl Hilll, sheryl.hilll@email.com
3251, Ok Parisian, ok.parisian@email.com
9281, Mauricio Hettinger, mauricio.hettinger@email.com
3746, Marya Smith, marya.smith@email.com
2781, Jeanett Donnelly, jeanett.donnelly@email.com
9936, Jaquelyn Hegmann, jaquelyn.hegmann@email.com
4290, Laure Kilback, laure.kilback@email.com
1057, Toi Mitchell, toi.mitchell@email.com
9321, Andre Hilll, andre.hilll@email.com
6955, Monika Rice, monika.rice@email.com
7168, Lavonna Conn, lavonna.conn@email.com
3483, Bruce Bayer, bruce.bayer@email.com
7668, Misti O'Kon, misti.o'kon@email.com
1862, Season Walsh, season.walsh@email.com
1553, Jolene Kemmer, jolene.kemmer@email.com
5015, Belen Kiehn, belen.kiehn@email.com
2243, Bernard Heller, bernard.heller@email.com
6913, Thomas Bosco, thomas.bosco@email.com
540, Jada Hickle, jada.hickle@email.com
4505, Juan Robel, juan.robel@email.com
3497, Dudley Murphy, dudley.murphy@email.com
1856, Nereida Huel, nereida.huel@email.com
8615, Mauro Rosenbaum, mauro.rosenbaum@email.com
9152, Osvaldo Rau, osvaldo.rau@email.com
2982, Isobel Schuppe, isobel.schuppe@email.com
9820, Jonathan Veum, jonathan.veum@email.com
5897, Cameron Klocko, cameron.klocko@email.com
9230, Long Roberts, long.roberts@email.com
2708, Perry MacGyver, perry.macgyver@email.com
7525, Young Howe, young.howe@email.com
2171, Verline Rutherford, verline.rutherford@email.com
4554, Maryanne Simonis, maryanne.simonis@email.com
2626, Jerrod Mosciski, jerrod.mosciski@email.com
1059, Christoper Hackett, christoper.hackett@email.com
4410, Kyong Hauck, kyong.hauck@email.com
4582, Forrest Nienow, forrest.nienow@email.com
2406, Emerson Little, emerson.little@email.com
1819, Emmett Rolfson, emmett.rolfson@email.com
2694, Sanora Ondricka, sanora.ondricka@email.com
3274, Melisa Welch, melisa.welch@email.com
9488, Valene Mraz, valene.mraz@email.com
2675, Maribeth Murphy, maribeth.murphy@email.com
7369, Syble Tremblay, syble.tremblay@email.com
349, Herman Brown, herman.brown@email.com
7769, Jacque Davis, jacque.davis@email.com
7107, Treva Goodwin, treva.goodwin@email.com
4412, Gena Nikolaus, gena.nikolaus@email.com
8616, Rickie Hilpert, rickie.hilpert@email.com
1575, Margert Rodriguez, margert.rodriguez@email.com
3161, Eduardo Gerlach, eduardo.gerlach@email.com
8006, Benedict Berge, benedict.berge@email.com
1070, Scott Kemmer, scott.kemmer@email.com
6292, Williemae Adams, williemae.adams@email.com
1515, Luke Friesen, luke.friesen@email.com
5196, Josiah Bradtke, josiah.bradtke@email.com
5977, Lyndon Lang, lyndon.lang@email.com
819, Beatriz Gibson, beatriz.gibson@email.com
3892, Tory Ernser, tory.ernser@email.com
4866, Grazyna Kris, grazyna.kris@email.com
9344, Stevie Kuvalis, stevie.kuvalis@email.com
8901, Jaye Watsica, jaye.watsica@email.com
633, Fredda Dickinson, fredda.dickinson@email.com
8782, Johnsie Treutel, johnsie.treutel@email.com
5833, Iona Thompson, iona.thompson@email.com
3484, Zachariah Aufderhar, zachariah.aufderhar@email.com
2736, Carrol Rutherford, carrol.rutherford@email.com
1026, Sanora Johns, sanora.johns@email.com
5663, Lacy Lowe, lacy.lowe@email.com
5974, Kyung Maggio, kyung.maggio@email.com
2836, Moshe Lang, moshe.lang@email.com
8956, Solomon McClure, solomon.mcclure@email.com
6599, Gail Shields, gail.shields@email.com
7230, Demetrius Roberts, demetrius.roberts@email.com
567, Adria Ward, adria.ward@email.com
1679, King Kshlerin, king.kshlerin@email.com
4570, Samual Schamberger, samual.schamberger@email.com
9865, Kelly Crist, kelly.crist@email.com
998, Myrtis Jerde, myrtis.jerde@email.com
2518, Dallas Sanford, dallas.sanford@email.com
2309, Lenora West, lenora.west@email.com
4591, Clarence Cummings, clarence.cummings@email.com
3390, Samuel Heller, samuel.heller@email.com
4879, Dan Wyman, dan.wyman@email.com
486, Gino Weber, gino.weber@email.com
752, Jaime Grimes, jaime.grimes@email.com
3843, Monty Koch, monty.koch@email.com
8183, Marcelino Will, marcelino.will@email.com
6850, Tobias Kris, tobias.kris@email.com
9685, Aline Block, aline.block@email.com
7215, Nolan Murray, nolan.murray@email.com
3512, Alishia Turner, alishia.turner@email.com
1372, Marianna Corkery, marianna.corkery@email.com
2148, Odell Roob, odell.roob@email.com
8518, Fredia Frami, fredia.frami@email.com
1896, Era Pfeffer, era.pfeffer@email.com
8724, Luis Schmidt, luis.schmidt@email.com
647, Zella Bradtke, zella.bradtke@email.com
6975, Mica Schiller, mica.schiller@email.com
9534, Cara Murphy, cara.murphy@email.com
3555, Marica Wehner, marica.wehner@email.com
1358, Earlie Schuster, earlie.schuster@email.com
3584, Jefferson Wiegand, jefferson.wiegand@email.com
7093, Eustolia Cole, eustolia.cole@email.com
2779, Antonia Ledner, antonia.ledner@email.com
1162, Caleb Kihn, caleb.kihn@email.com
747, Vicky Hane, vicky.hane@email.com
5904, Leonor Wehner, leonor.wehner@email.com
1020, Selma Hand, selma.hand@email.com
4179, Darnell Adams, darnell.adams@email.com
3337, Nicolas Haley, nicolas.haley@email.com
563, Hank Stoltenberg, hank.stoltenberg@email.com
8593, Michelle Torphy, michelle.torphy@email.com
4372, Blake Jacobson, blake.jacobson@email.com
4817, Ken Cassin, ken.cassin@email.com
8543, Rick Harber, rick.harber@email.com
2514, Katharina Mosciski, katharina.mosciski@email.com
8121, Renate White, renate.white@email.com
7723, Edmund Walker, edmund.walker@email.com
7240, Christopher Kshlerin, christopher.kshlerin@email.com
6311, Haywood McDermott, haywood.mcdermott@email.com
7923, Lynsey West, lynsey.west@email.com
3580, Lila Bauch, lila.bauch@email.com
7295, Edwardo Howe, edwardo.howe@email.com
186, Andreas Koss, andreas.koss@email.com
4794, Eleni Hickle, eleni.hickle@email.com
8365, Chas Schaden, chas.schaden@email.com
4799, Mary Vandervort, mary.vandervort@email.com
6413, Milan Rath, milan.rath@email.com
6929, Olimpia Marvin, olimpia.marvin@email.com
4247, Norris Stroman, norris.stroman@email.com
8727, Etta Medhurst, etta.medhurst@email.com
1577, Christian O'Kon, christian.o'kon@email.com
6696, Yvonne Fay, yvonne.fay@email.com
4567, Siu Dickinson, siu.dickinson@email.com
1920, Andre Stanton, andre.stanton@email.com
6839, Guadalupe Willms, guadalupe.willms@email.com
6330, Lorette Mayer, lorette.mayer@email.com
7715, Deshawn Thompson, deshawn.thompson@email.com
6691, Bart Ritchie, bart.ritchie@email.com
7436, Deeann Cassin, deeann.cassin@email.com
5219, Brande Stehr, brande.stehr@email.com
8665, Dusti Fritsch, dusti.fritsch@email.com
6021, Dorian Huel, dorian.huel@email.com
7327, Rosario Herman, rosario.herman@email.com
2213, Chiquita Beahan, chiquita.beahan@email.com
2353, Myung Erdman, myung.erdman@email.com
6754, Garland Zemlak, garland.zemlak@email.com
7563, Loma Walsh, loma.walsh@email.com
5823, Valorie Kozey, valorie.kozey@email.com
6770, Randy Collins, randy.collins@email.com
7852, Gary O'Kon, gary.o'kon@email.com
1709, Cory Ruecker, cory.ruecker@email.com
6929, Zachariah Hoeger, zachariah.hoeger@email.com
7095, Miesha Huels, miesha.huels@email.com
2993, Giovanna Schumm, giovanna.schumm@email.com
8655, Vernita Ferry, vernita.ferry@email.com
4388, Ernesto Larkin, ernesto.larkin@email.com
7091, Edyth Wiegand, edyth.wiegand@email.com
5086, Kendrick Auer, kendrick.auer@email.com
6598, Osvaldo Graham, osvaldo.graham@email.com
9034, Gladis Lynch, gladis.lynch@email.com
8420, Phil Cummings, phil.cummings@email.com
9546, Wilfred Predovic, wilfred.predovic@email.com
7462, Ossie Swift, ossie.swift@email.com
8705, James Hermann, james.hermann@email.com
6502, Marcos Swaniawski, marcos.swaniawski@email.com
6679, Larraine Feest, larraine.feest@email.com
1271, Marla Padberg, marla.padberg@email.com
9977, Waneta Gusikowski, waneta.gusikowski@email.com
9454, Everette Dare, everette.dare@email.com
2849, Jordon Morissette, jordon.morissette@email.com
2, Federico Hessel, federico.hessel@email.com
1884, Florencio Dickens, florencio.dickens@email.com
65, Wally Vandervort, wally.vandervort@email.com
5674, Carley Dicki, carley.dicki@email.com
9583, Cayla Kemmer, cayla.kemmer@email.com
6602, Arnulfo Bednar, arnulfo.bednar@email.com
8041, Santos Weissnat, santos.weissnat@email.com
9300, Emil Gutkowski, emil.gutkowski@email.com
7627, Gary Kreiger, gary.kreiger@email.com
5849, Jed Rolfson, jed.rolfson@email.com
256, Sam Reilly, sam.reilly@email.com
4115, Anya Langosh, anya.langosh@email.com
504, Lauran Nikolaus, lauran.nikolaus@email.com
9675, Stewart Wisoky, stewart.wisoky@email.com
1910, Marshall Ratke, marshall.ratke@email.com
3063, Mack Fisher, mack.fisher@email.com
5891, Eldridge Bednar, eldridge.bednar@email.com
2813, Ignacio Kunze, ignacio.kunze@email.com
1816, Wanetta Effertz, wanetta.effertz@email.com
237, Lyman Skiles, lyman.skiles@email.com
2064, Bettye Boyle, bettye.boyle@email.com
2080, Brant Schamberger, brant.schamberger@email.com
3419, Porsha Robel, porsha.robel@email.com
3018, Hung Reilly, hung.reilly@email.com
632, Mandie Grant, mandie.grant@email.com
5311, Ivory Spencer, ivory.spencer@email.com
5944, Merissa Leffler, merissa.leffler@email.com
9054, Shirleen Herzog, shirleen.herzog@email.com
1408, Randall Gutmann, randall.gutmann@email.com
6577, Valery Grant, valery.grant@email.com
5061, Marquis Pfeffer, marquis.pfeffer@email.com
4199, Ellen Lakin, ellen.lakin@email.com
148, Niki Ritchie, niki.ritchie@email.com
2932, Sol Mayert, sol.mayert@email.com
5722, Jerica Feil, jerica.feil@email.com
5959, Stasia Kihn, stasia.kihn@email.com
4113, Taneka Rodriguez, taneka.rodriguez@email.com
7228, Dian Reichert, dian.reichert@email.com
8701, Lucienne Hoppe, lucienne.hoppe@email.com
5071, Enoch Dickens, enoch.dickens@email.com
121, Sarita Shields, sarita.shields@email.com
7727, Selma Crooks, selma.crooks@email.com
2563, Natividad Bosco, natividad.bosco@email.com
6348, Orval Turcotte, orval.turcotte@email.com
5900, Ashleigh Blick, ashleigh.blick@email.com
4956, Rubye Mayert, rubye.mayert@email.com
4054, Fern Stracke, fern.stracke@email.com
6418, Chuck Keebler, chuck.keebler@email.com
8360, Hyacinth Hyatt, hyacinth.hyatt@email.com
2871, Kristi Kuvalis, kristi.kuvalis@email.com
6681, Clemente Spinka, clemente.spinka@email.com
1602, Bob Schumm, bob.schumm@email.com
8368, Sharen Howell, sharen.howell@email.com
4020, Susannah Muller, susannah.muller@email.com
2372, Lianne Kertzmann, lianne.kertzmann@email.com
700, Jules Hintz, jules.hintz@email.com
3831, Javier Schulist, javier.schulist@email.com
4673, Lino Crooks, lino.crooks@email.com
5802, Victor Hartmann, victor.hartmann@email.com
8107, Emory Emmerich, emory.emmerich@email.com
4207, Winford Collins, winford.collins@email.com
6567, Merlene Kozey, merlene.kozey@email.com
8632, Andy Hoppe, andy.hoppe@email.com
4799, Chang Johnston, chang.johnston@email.com
1749, Edison Stoltenberg, edison.stoltenberg@email.com
7282, Oliver Runolfsson, oliver.runolfsson@email.com
8445, Refugia Weimann, refugia.weimann@email.com
2459, Shanon Rath, shanon.rath@email.com
660, Stephnie Mraz, stephnie.mraz@email.com
855, Terrilyn Walsh, terrilyn.walsh@email.com
8725, Gigi Yundt, gigi.yundt@email.com
4158, Stanton Hermiston, stanton.hermiston@email.com
1948, Ami Rippin, ami.rippin@email.com
4056, Lenny Ritchie, lenny.ritchie@email.com
2111, Jeffry Streich, jeffry.streich@email.com
5186, Gabriel Brakus, gabriel.brakus@email.com
3533, Gennie Schmeler, gennie.schmeler@email.com
9106, Lawerence Dach, lawerence.dach@email.com
8949, Ellyn Volkman, ellyn.volkman@email.com
9426, Jonnie Keeling, jonnie.keeling@email.com
5446, Rocky Simonis, rocky.simonis@email.com
8951, Mimi Cole, mimi.cole@email.com
5648, Guadalupe Grant, guadalupe.grant@email.com
6202, Jeane Sipes, jeane.sipes@email.com
82, Eldridge Collins, eldridge.collins@email.com
2965, Odilia Wyman, odilia.wyman@email.com
5792, Isaura Predovic, isaura.predovic@email.com
3569, Frank Breitenberg, frank.breitenberg@email.com
5739, Giovanna Halvorson, giovanna.halvorson@email.com
5212, Verdell Flatley, verdell.flatley@email.com
9008, Kristen Ernser, kristen.ernser@email.com
5476, Alonzo Bauch, alonzo.bauch@email.com
7998, Tova Osinski, tova.osinski@email.com
3279, Aldo Toy, aldo.toy@email.com
8163, Willy Feeney, willy.feeney@email.com
8706, Lyndon Rice, lyndon.rice@email.com
7219, Tory Heidenreich, tory.heidenreich@email.com
1771, Parker Lemke, parker.lemke@email.com
6433, Hugo Baumbach, hugo.baumbach@email.com
725, Terry Ullrich, terry.ullrich@email.com
1138, Suk Feest, suk.feest@email.com
1589, Priscilla Dooley, priscilla.dooley@email.com
6858, Clyde Klein, clyde.klein@email.com
5940, Ola Hessel, ola.hessel@email.com
6366, Everett King, everett.king@email.com
4206, Tomiko Littel, tomiko.littel@email.com
9436, Alejandro Kuhn, alejandro.kuhn@email.com
3241, Albertine Yost, albertine.yost@email.com
8835, Dorotha Turner, dorotha.turner@email.com
7721, Trey Toy, trey.toy@email.com
7228, Margot Yost, margot.yost@email.com
6102, Herbert Reichel, herbert.reichel@email.com
566, Shana Powlowski, shana.powlowski@email.com
3393, Thaddeus Lesch, thaddeus.lesch@email.com
4445, Elene Flatley, elene.flatley@email.com
3224, Samual Will, samual.will@email.com
9777, Jorge Hauck, jorge.hauck@email.com
5730, Lakiesha West, lakiesha.west@email.com
664, Colby Fay, colby.fay@email.com
4460, Joshua Schiller, joshua.schiller@email.com
682, Guy Herzog, guy.herzog@email.com
4042, Shirely Mosciski, shirely.mosciski@email.com
1224, Jenise Kovacek, jenise.kovacek@email.com
9797, Santiago Leuschke, santiago.leuschke@email.com
2515, Joshua Cummings, joshua.cummings@email.com
6351, Phuong Davis, phuong.davis@email.com
1653, Rene Bogisich, rene.bogisich@email.com
1522, Deloise Zboncak, deloise.zboncak@email.com
6734, Emmett Schaden, emmett.schaden@email.com
561, Dillon Ernser, dillon.ernser@email.com
5203, Herb Lemke, herb.lemke@email.com
6750, Rex Schoen, rex.schoen@email.com
6110, Emmaline Bernier, emmaline.bernier@email.com
6709, Jody Connelly, jody.connelly@email.com
3433, Keena Towne, keena.towne@email.com
1699, Conrad Bernier, conrad.bernier@email.com
4807, Earl Reichert, earl.reichert@email.com
5620, Ambrose Heller, ambrose.heller@email.com
9769, Tabetha Oberbrunner, tabetha.oberbrunner@email.com
9399, Maud Nolan, maud.nolan@email.com
4578, Oscar Krajcik, oscar.krajcik@email.com
2987, Jeraldine McLaughlin, jeraldine.mclaughlin@email.com
5539, Elayne Mitchell, elayne.mitchell@email.com
1395, Mason O'Conner, mason.o'conner@email.com
4565, Euna Gorczany, euna.gorczany@email.com
288, Thomasena Witting, thomasena.witting@email.com
9325, Kayleigh Dach, kayleigh.dach@email.com
6408, Francis Renner, francis.renner@email.com
9845, Tomiko Sipes, tomiko.sipes@email.com
1533, Glen Kohler, glen.kohler@email.com
7140, Jerrell Rohan, jerrell.rohan@email.com
8778, Nettie Medhurst, nettie.medhurst@email.com
7221, Myra Maggio, myra.maggio@email.com
5121, Kathryne Borer, kathryne.borer@email.com
1387, Georgeanna Spencer, georgeanna.spencer@email.com
7571, Aldo Ferry, aldo.ferry@email.com
2952, Lupe MacGyver, lupe.macgyver@email.com
6770, Jaymie Hane, jaymie.hane@email.com
4373, Mitchell Strosin, mitchell.strosin@email.com
1019, Winford Haag, winford.haag@email.com
4151, Marcelo Willms, marcelo.willms@email.com
4063, Kristine Pfannerstill, kristine.pfannerstill@email.com
7231, Magaly Deckow, magaly.deckow@email.com
5562, Janay Cole, janay.cole@email.com
4110, Harry Roob, harry.roob@email.com
7595, Jeffrey Ernser, jeffrey.ernser@email.com
1922, Daryl Kessler, daryl.kessler@email.com
8427, Gregorio Bauch, gregorio.bauch@email.com
5056, Tressa Cummings, tressa.cummings@email.com
7028, Debby Gulgowski, debby.gulgowski@email.com
3980, Galen Kunze, galen.kunze@email.com
5270, Neil Douglas, neil.douglas@email.com
833, Stefanie Labadie, stefanie.labadie@email.com
3551, Percy Rutherford, percy.rutherford@email.com
4005, Joette Maggio, joette.maggio@email.com
6709, Ingrid Zulauf, ingrid.zulauf@email.com
7056, Marcellus Paucek, marcellus.paucek@email.com
8775, Ashlie Hamill, ashlie.hamill@email.com
1971, Debby Krajcik, debby.krajcik@email.com
6300, Porfirio Weissnat, porfirio.weissnat@email.com
3368, Matt Conroy, matt.conroy@email.com
3716, Orval Steuber, orval.steuber@email.com
8045, Easter Quigley, easter.quigley@email.com
5012, Parthenia Rath, parthenia.rath@email.com
2282, Lane Greenfelder, lane.greenfelder@email.com
8509, Marquis Kiehn, marquis.kiehn@email.com
2448, Riley Dickinson, riley.dickinson@email.com
8412, Danille Farrell, danille.farrell@email.com
4160, Nelly Aufderhar, nelly.aufderhar@email.com
5515, Lisette Wisoky, lisette.wisoky@email.com
4001, Jocelyn Tromp, jocelyn.tromp@email.com
9738, Ezekiel Nolan, ezekiel.nolan@email.com
8812, Wynona Johnson, wynona.johnson@email.com
4973, Wade Kessler, wade.kessler@email.com
470, Philip Hyatt, philip.hyatt@email.com
3003, Farrah Rohan, farrah.rohan@email.com
4540, Akiko Smitham, akiko.smitham@email.com
1085, Katharyn Johns, katharyn.johns@email.com
7181, Willa White, willa.white@email.com
7990, France Donnelly, france.donnelly@email.com
8451, Chan Bode, chan.bode@email.com
1977, Kenna Gerlach, kenna.gerlach@email.com
3395, Austin West, austin.west@email.com
6374, Julene Jacobs, julene.jacobs@email.com
8431, Hollie Koch, hollie.koch@email.com
8106, Ebony Stokes, ebony.stokes@email.com
7421, Pasquale Feil, pasquale.feil@email.com
8512, Darryl Herzog, darryl.herzog@email.com
5360, Sidney Cormier, sidney.cormier@email.com
6268, Joanie Davis, joanie.davis@email.com
62, Polly Bednar, polly.bednar@email.com
655, Eda Crona, eda.crona@email.com
5252, Rubin Daniel, rubin.daniel@email.com
8281, Tu Feest, tu.feest@email.com
3384, Lizeth Lesch, lizeth.lesch@email.com
7140, Stefan Sawayn, stefan.sawayn@email.com
7933, Stephnie Pouros, stephnie.pouros@email.com
4185, Ceola Padberg, ceola.padberg@email.com
2723, Jeane Becker, jeane.becker@email.com
3544, Zulma Weimann, zulma.weimann@email.com
273, Donnie O'Keefe, donnie.o'keefe@email.com
7715, Letha Effertz, letha.effertz@email.com
1582, Carmelia Pacocha, carmelia.pacocha@email.com
9571, Kenisha Tillman, kenisha.tillman@email.com
5578, Nathan Zulauf, nathan.zulauf@email.com
5367, Gerard Littel, gerard.littel@email.com
6825, Elois Donnelly, elois.donnelly@email.com
2325, Kathe Grimes, kathe.grimes@email.com
5093, Johnathon Kub, johnathon.kub@email.com
1102, Brian Ziemann, brian.ziemann@email.com
5303, Logan Tromp, logan.tromp@email.com
1214, Joellen Bernier, joellen.bernier@email.com
1591, Maryanne McKenzie, maryanne.mckenzie@email.com
7117, Rowena Hilll, rowena.hilll@email.com
6087, Chas Kertzmann, chas.kertzmann@email.com
7944, Rosita Graham, rosita.graham@email.com
3751, Tifany Lowe, tifany.lowe@email.com
4925, Stan McGlynn, stan.mcglynn@email.com
917, Leeann Haag, leeann.haag@email.com
1789, Arnold Jerde, arnold.jerde@email.com
865, Clarence Kling, clarence.kling@email.com
8889, Bert Reynolds, bert.reynolds@email.com
7270, Chase Schultz, chase.schultz@email.com
867, Elias Doyle, elias.doyle@email.com
1201, Kurtis Rice, kurtis.rice@email.com
1577, Roosevelt Padberg, roosevelt.padberg@email.com
5696, Jordon Daugherty, jordon.daugherty@email.com
8740, Tiana Schoen, tiana.schoen@email.com
7445, Quinn Nolan, quinn.nolan@email.com
2645, Cedric Macejkovic, cedric.macejkovic@email.com
1694, Gilberto Pouros, gilberto.pouros@email.com
7964, Enid Considine, enid.considine@email.com
5778, Lyman Leannon, lyman.leannon@email.com
7520, Nelda Kris, nelda.kris@email.com
4546, Nicolasa Bode, nicolasa.bode@email.com
1849, Meagan Koelpin, meagan.koelpin@email.com
332, Brad Mosciski, brad.mosciski@email.com
1292, Damion Mills, damion.mills@email.com
4798, Johana Hane, johana.hane@email.com
2329, India Terry, india.terry@email.com
4633, Grady Kirlin, grady.kirlin@email.com
4613, Merlyn Nienow, merlyn.nienow@email.com
9840, Adell Bahringer, adell.bahringer@email.com
3599, Douglas Cremin, douglas.cremin@email.com
7900, Raymundo Hagenes, raymundo.hagenes@email.com
9164, Antone Champlin, antone.champlin@email.com
944, Deshawn Hilll, deshawn.hilll@email.com
4156, Wiley Cummings, wiley.cummings@email.com
1489, Reinaldo Herzog, reinaldo.herzog@email.com
4927, Tristan Hermann, tristan.hermann@email.com
6012, Madalyn Feil, madalyn.feil@email.com
6707, Ward Rohan, ward.rohan@email.com
4470, Saul Okuneva, saul.okuneva@email.com
5938, Santos Lind, santos.lind@email.com
4228, Gilberto Dickinson, gilberto.dickinson@email.com
3639, Twila Cummings, twila.cummings@email.com
2668, Troy DuBuque, troy.dubuque@email.com
2048, Bulah Hodkiewicz, bulah.hodkiewicz@email.com
5099, Erwin Kohler, erwin.kohler@email.com
4458, Hyman Witting, hyman.witting@email.com
6611, Latricia Kreiger, latricia.kreiger@email.com
6382, Donnetta Kuvalis, donnetta.kuvalis@email.com
8031, Nikita Grady, nikita.grady@email.com
4754, Cornelia Roberts, cornelia.roberts@email.com
5521, Ian Bosco, ian.bosco@email.com
773, Ute Quigley, ute.quigley@email.com
5765, Diego Towne, diego.towne@email.com
6878, Elbert Wolff, elbert.wolff@email.com
5030, Zackary Wyman, zackary.wyman@email.com
5879, Angelo Nolan, angelo.nolan@email.com
268, Roxana Schaden, roxana.schaden@email.com
677, Kira Cole, kira.cole@email.com
5965, Heath Monahan, heath.monahan@email.com
5103, Derick Stamm, derick.stamm@email.com
6316, Antoine Schuppe, antoine.schuppe@email.com
7302, Glenna Murazik, glenna.murazik@email.com
7365, Dottie Haley, dottie.haley@email.com
7772, Twyla Osinski, twyla.osinski@email.com
3783, Tamar Russel, tamar.russel@email.com
9869, Anitra Marvin, anitra.marvin@email.com
5360, Kristine Lind, kristine.lind@email.com
4948, Shirly Walter, shirly.walter@email.com
343, Lilly Fisher, lilly.fisher@email.com
3866, Twanna Robel, twanna.robel@email.com
3423, Stewart Ankunding, stewart.ankunding@email.com
8639, Billie Schulist, billie.schulist@email.com
919, Vertie Torphy, vertie.torphy@email.com
5887, Royce Roberts, royce.roberts@email.com
1217, Karla Bartell, karla.bartell@email.com
8760, Lesley Mayert, lesley.mayert@email.com
6649, Lowell Muller, lowell.muller@email.com
4466, Cleo Schroeder, cleo.schroeder@email.com
4353, Kenny King, kenny.king@email.com
3124, Marguerite Larson, marguerite.larson@email.com
229, Ahmed Breitenberg, ahmed.breitenberg@email.com
5014, Gilberto Hermiston, gilberto.hermiston@email.com
6028, Darrick McClure, darrick.mcclure@email.com
4913, Ewa Barrows, ewa.barrows@email.com
2079, Syreeta Wisozk, syreeta.wisozk@email.com
4134, Rayna Deckow, rayna.deckow@email.com
9251, Joellen Schoen, joellen.schoen@email.com
7789, Phylicia O'Keefe, phylicia.o'keefe@email.com
6284, Damian O'Connell, damian.o'connell@email.com
7495, Kum Luettgen, kum.luettgen@email.com
2073, Juliana Ankunding, juliana.ankunding@email.com
8623, Meri Walter, meri.walter@email.com
9325, Darrin Skiles, darrin.skiles@email.com
2599, Hubert Greenfelder, hubert.greenfelder@email.com
3453, Jacqueline Wintheiser, jacqueline.wintheiser@email.com
3470, Krysten Cartwright, krysten.cartwright@email.com
8905, Francesco Schinner, francesco.schinner@email.com
2498, Eloy Corwin, eloy.corwin@email.com
8783, Christopher Willms, christopher.willms@email.com
5641, Birgit Tromp, birgit.tromp@email.com
414, Casey Klocko, casey.klocko@email.com
3934, Roger Wintheiser, roger.wintheiser@email.com
8476, Chet Torphy, chet.torphy@email.com
4373, Jerold Dibbert, jerold.dibbert@email.com
841, Kelvin Predovic, kelvin.predovic@email.com
1562, Christian Walker, christian.walker@email.com
9970, Stanford Zemlak, stanford.zemlak@email.com
4834, Cordelia Lynch, cordelia.lynch@email.com
4602, Kathryne Stroman, kathryne.stroman@email.com
7722, Corrie West, corrie.west@email.com
7892, Leonardo Bartoletti, leonardo.bartoletti@email.com
9528, Remona Anderson, remona.anderson@email.com
4825, Tamie McGlynn, tamie.mcglynn@email.com
7949, Edgar Doyle, edgar.doyle@email.com
2901, Merna Grady, merna.grady@email.com
4350, Bert Leannon, bert.leannon@email.com
5075, Naoma Haley, naoma.haley@email.com
2067, Evalyn Nolan, evalyn.nolan@email.com
5631, Erik Connelly, erik.connelly@email.com
515, Perry Sipes, perry.sipes@email.com
2187, Breanne Shields, breanne.shields@email.com
1499, Toby Lueilwitz, toby.lueilwitz@email.com
794, Tyson Ward, tyson.ward@email.com
8849, Fidel Haag, fidel.haag@email.com
7933, Cary Konopelski, cary.konopelski@email.com
8790, Sang Schowalter, sang.schowalter@email.com
6852, Linsey Greenfelder, linsey.greenfelder@email.com
8102, Kathryn Torphy, kathryn.torphy@email.com
217, Kelley Fritsch, kelley.fritsch@email.com
3821, Walter Fay, walter.fay@email.com
9953, Wayne Larson, wayne.larson@email.com
3518, Nelly O'Kon, nelly.o'kon@email.com
9142, Christoper Toy, christoper.toy@email.com
7151, Blake Schultz, blake.schultz@email.com
9621, Dewitt Swift, dewitt.swift@email.com
6577, Herlinda Metz, herlinda.metz@email.com
8016, Tana Ebert, tana.ebert@email.com
6886, Rupert Schulist, rupert.schulist@email.com
7605, George Cole, george.cole@email.com
1978, Alphonso Reichel, alphonso.reichel@email.com
2610, Kenisha Willms, kenisha.willms@email.com
7092, Suzie Gorczany, suzie.gorczany@email.com
5334, Augustine O'Keefe, augustine.o'keefe@email.com
8801, Virginia Klein, virginia.klein@email.com
6566, Elliott Torphy, elliott.torphy@email.com
6394, Chas Dicki, chas.dicki@email.com
1839, Darin Sauer, darin.sauer@email.com
5122, Sammy Buckridge, sammy.buckridge@email.com
3220, Leo Ledner, leo.ledner@email.com
8513, Alda Effertz, alda.effertz@email.com
8845, Roosevelt Satterfield, roosevelt.satterfield@email.com
7198, Angelo Schmeler, angelo.schmeler@email.com
